Actual,Predicted,Probability
No,No,3.2062990606881417e-15
No,No,0.09060713882323256
No,Yes,0.7893072186103229
No,No,0.00019984654769774775
